<?xml version="1.0" encoding="UTF-8"?>
<root>
  <item name="com.base.app.BaseAppActivity void doAnimation(android.content.Context, android.view.View, int) 2">
    <annotation name="android.support.annotation.AnimRes" />
  </item>
  <item name="com.base.app.BaseAppActivity void setCompoundDrawable(int, android.widget.TextView, int) 0">
    <annotation name="android.support.annotation.DrawableRes" />
  </item>
  <item name="com.base.app.BaseAppActivity void showToast(int) 0">
    <annotation name="android.support.annotation.StringRes" />
  </item>
</root>

