<?xml version="1.0" encoding="UTF-8"?>
<root>
  <item name="com.base.net.VolleyHelper void loadImageByNetworkImageView(java.lang.String, com.android.volley.toolbox.NetworkImageView, int) 2">
    <annotation name="android.support.annotation.DrawableRes" />
  </item>
  <item name="com.base.net.VolleyHelper void loadImageByNetworkImageView(java.lang.String, com.android.volley.toolbox.NetworkImageView, int, int) 2">
    <annotation name="android.support.annotation.DrawableRes" />
  </item>
  <item name="com.base.net.VolleyHelper void loadImageByNetworkImageView(java.lang.String, com.android.volley.toolbox.NetworkImageView, int, int) 3">
    <annotation name="android.support.annotation.DrawableRes" />
  </item>
  <item name="com.base.net.VolleyHelper void loadImageByVolley(java.lang.String, android.widget.ImageView, int) 2">
    <annotation name="android.support.annotation.DrawableRes" />
  </item>
  <item name="com.base.net.VolleyHelper void loadImageByVolley(java.lang.String, android.widget.ImageView, int, int) 2">
    <annotation name="android.support.annotation.DrawableRes" />
  </item>
  <item name="com.base.net.VolleyHelper void loadImageByVolley(java.lang.String, android.widget.ImageView, int, int, int, int, int) 2">
    <annotation name="android.support.annotation.DrawableRes" />
  </item>
  <item name="com.base.net.VolleyHelper void loadImageByVolley(java.lang.String, android.widget.ImageView, int, int, int, int, int) 3">
    <annotation name="android.support.annotation.DrawableRes" />
  </item>
</root>

