<?xml version="1.0" encoding="UTF-8"?>
<root>
  <item name="com.base.util.Once boolean beenDone(int, java.lang.String) 0">
    <annotation name="android.support.annotation.IntDef">
      <val name="value" val="{com.base.util.Once.THIS_APP_INSTALL, com.base.util.Once.THIS_APP_VERSION}" />
    </annotation>
  </item>
  <item name="com.base.util.Once.Scope">
    <annotation name="android.support.annotation.IntDef">
      <val name="value" val="{com.base.util.Once.THIS_APP_INSTALL, com.base.util.Once.THIS_APP_VERSION}" />
    </annotation>
  </item>
</root>

