<?xml version="1.0" encoding="UTF-8"?>
<root>
  <item name="com.widget.flex.FlexboxLayout int expandFlexItems(com.widget.flex.FlexboxLayout.FlexLine, int, int, int, int) 1">
    <annotation name="android.support.annotation.IntDef">
      <val name="value" val="{com.widget.flex.FlexboxLayout.FLEX_DIRECTION_ROW, com.widget.flex.FlexboxLayout.FLEX_DIRECTION_ROW_REVERSE, com.widget.flex.FlexboxLayout.FLEX_DIRECTION_COLUMN, com.widget.flex.FlexboxLayout.FLEX_DIRECTION_COLUMN_REVERSE}" />
    </annotation>
  </item>
  <item name="com.widget.flex.FlexboxLayout int getAlignContent()">
    <annotation name="android.support.annotation.IntDef">
      <val name="value" val="{com.widget.flex.FlexboxLayout.ALIGN_CONTENT_FLEX_START, com.widget.flex.FlexboxLayout.ALIGN_CONTENT_FLEX_END, com.widget.flex.FlexboxLayout.ALIGN_CONTENT_CENTER, com.widget.flex.FlexboxLayout.ALIGN_CONTENT_SPACE_BETWEEN, com.widget.flex.FlexboxLayout.ALIGN_CONTENT_SPACE_AROUND, com.widget.flex.FlexboxLayout.ALIGN_CONTENT_STRETCH}" />
    </annotation>
  </item>
  <item name="com.widget.flex.FlexboxLayout int getAlignItems()">
    <annotation name="android.support.annotation.IntDef">
      <val name="value" val="{com.widget.flex.FlexboxLayout.ALIGN_ITEMS_FLEX_START, com.widget.flex.FlexboxLayout.ALIGN_ITEMS_FLEX_END, com.widget.flex.FlexboxLayout.ALIGN_ITEMS_CENTER, com.widget.flex.FlexboxLayout.ALIGN_ITEMS_BASELINE, com.widget.flex.FlexboxLayout.ALIGN_ITEMS_STRETCH}" />
    </annotation>
  </item>
  <item name="com.widget.flex.FlexboxLayout int getFlexDirection()">
    <annotation name="android.support.annotation.IntDef">
      <val name="value" val="{com.widget.flex.FlexboxLayout.FLEX_DIRECTION_ROW, com.widget.flex.FlexboxLayout.FLEX_DIRECTION_ROW_REVERSE, com.widget.flex.FlexboxLayout.FLEX_DIRECTION_COLUMN, com.widget.flex.FlexboxLayout.FLEX_DIRECTION_COLUMN_REVERSE}" />
    </annotation>
  </item>
  <item name="com.widget.flex.FlexboxLayout int getFlexWrap()">
    <annotation name="android.support.annotation.IntDef">
      <val name="value" val="{com.widget.flex.FlexboxLayout.FLEX_WRAP_NOWRAP, com.widget.flex.FlexboxLayout.FLEX_WRAP_WRAP, com.widget.flex.FlexboxLayout.FLEX_WRAP_WRAP_REVERSE}" />
    </annotation>
  </item>
  <item name="com.widget.flex.FlexboxLayout int getJustifyContent()">
    <annotation name="android.support.annotation.IntDef">
      <val name="value" val="{com.widget.flex.FlexboxLayout.JUSTIFY_CONTENT_FLEX_START, com.widget.flex.FlexboxLayout.JUSTIFY_CONTENT_FLEX_END, com.widget.flex.FlexboxLayout.JUSTIFY_CONTENT_CENTER, com.widget.flex.FlexboxLayout.JUSTIFY_CONTENT_SPACE_BETWEEN, com.widget.flex.FlexboxLayout.JUSTIFY_CONTENT_SPACE_AROUND}" />
    </annotation>
  </item>
  <item name="com.widget.flex.FlexboxLayout int shrinkFlexItems(com.widget.flex.FlexboxLayout.FlexLine, int, int, int, int) 1">
    <annotation name="android.support.annotation.IntDef">
      <val name="value" val="{com.widget.flex.FlexboxLayout.FLEX_DIRECTION_ROW, com.widget.flex.FlexboxLayout.FLEX_DIRECTION_ROW_REVERSE, com.widget.flex.FlexboxLayout.FLEX_DIRECTION_COLUMN, com.widget.flex.FlexboxLayout.FLEX_DIRECTION_COLUMN_REVERSE}" />
    </annotation>
  </item>
  <item name="com.widget.flex.FlexboxLayout void determineMainSize(int, int, int) 0">
    <annotation name="android.support.annotation.IntDef">
      <val name="value" val="{com.widget.flex.FlexboxLayout.FLEX_DIRECTION_ROW, com.widget.flex.FlexboxLayout.FLEX_DIRECTION_ROW_REVERSE, com.widget.flex.FlexboxLayout.FLEX_DIRECTION_COLUMN, com.widget.flex.FlexboxLayout.FLEX_DIRECTION_COLUMN_REVERSE}" />
    </annotation>
  </item>
  <item name="com.widget.flex.FlexboxLayout void layoutSingleChildHorizontal(android.view.View, com.widget.flex.FlexboxLayout.FlexLine, int, int, int, int, int, int) 2">
    <annotation name="android.support.annotation.IntDef">
      <val name="value" val="{com.widget.flex.FlexboxLayout.FLEX_WRAP_NOWRAP, com.widget.flex.FlexboxLayout.FLEX_WRAP_WRAP, com.widget.flex.FlexboxLayout.FLEX_WRAP_WRAP_REVERSE}" />
    </annotation>
  </item>
  <item name="com.widget.flex.FlexboxLayout void setAlignContent(int) 0">
    <annotation name="android.support.annotation.IntDef">
      <val name="value" val="{com.widget.flex.FlexboxLayout.ALIGN_CONTENT_FLEX_START, com.widget.flex.FlexboxLayout.ALIGN_CONTENT_FLEX_END, com.widget.flex.FlexboxLayout.ALIGN_CONTENT_CENTER, com.widget.flex.FlexboxLayout.ALIGN_CONTENT_SPACE_BETWEEN, com.widget.flex.FlexboxLayout.ALIGN_CONTENT_SPACE_AROUND, com.widget.flex.FlexboxLayout.ALIGN_CONTENT_STRETCH}" />
    </annotation>
  </item>
  <item name="com.widget.flex.FlexboxLayout void setAlignItems(int) 0">
    <annotation name="android.support.annotation.IntDef">
      <val name="value" val="{com.widget.flex.FlexboxLayout.ALIGN_ITEMS_FLEX_START, com.widget.flex.FlexboxLayout.ALIGN_ITEMS_FLEX_END, com.widget.flex.FlexboxLayout.ALIGN_ITEMS_CENTER, com.widget.flex.FlexboxLayout.ALIGN_ITEMS_BASELINE, com.widget.flex.FlexboxLayout.ALIGN_ITEMS_STRETCH}" />
    </annotation>
  </item>
  <item name="com.widget.flex.FlexboxLayout void setFlexDirection(int) 0">
    <annotation name="android.support.annotation.IntDef">
      <val name="value" val="{com.widget.flex.FlexboxLayout.FLEX_DIRECTION_ROW, com.widget.flex.FlexboxLayout.FLEX_DIRECTION_ROW_REVERSE, com.widget.flex.FlexboxLayout.FLEX_DIRECTION_COLUMN, com.widget.flex.FlexboxLayout.FLEX_DIRECTION_COLUMN_REVERSE}" />
    </annotation>
  </item>
  <item name="com.widget.flex.FlexboxLayout void setFlexWrap(int) 0">
    <annotation name="android.support.annotation.IntDef">
      <val name="value" val="{com.widget.flex.FlexboxLayout.FLEX_WRAP_NOWRAP, com.widget.flex.FlexboxLayout.FLEX_WRAP_WRAP, com.widget.flex.FlexboxLayout.FLEX_WRAP_WRAP_REVERSE}" />
    </annotation>
  </item>
  <item name="com.widget.flex.FlexboxLayout void setJustifyContent(int) 0">
    <annotation name="android.support.annotation.IntDef">
      <val name="value" val="{com.widget.flex.FlexboxLayout.JUSTIFY_CONTENT_FLEX_START, com.widget.flex.FlexboxLayout.JUSTIFY_CONTENT_FLEX_END, com.widget.flex.FlexboxLayout.JUSTIFY_CONTENT_CENTER, com.widget.flex.FlexboxLayout.JUSTIFY_CONTENT_SPACE_BETWEEN, com.widget.flex.FlexboxLayout.JUSTIFY_CONTENT_SPACE_AROUND}" />
    </annotation>
  </item>
  <item name="com.widget.flex.FlexboxLayout void setMeasuredDimensionForFlex(int, int, int, int) 0">
    <annotation name="android.support.annotation.IntDef">
      <val name="value" val="{com.widget.flex.FlexboxLayout.FLEX_DIRECTION_ROW, com.widget.flex.FlexboxLayout.FLEX_DIRECTION_ROW_REVERSE, com.widget.flex.FlexboxLayout.FLEX_DIRECTION_COLUMN, com.widget.flex.FlexboxLayout.FLEX_DIRECTION_COLUMN_REVERSE}" />
    </annotation>
  </item>
  <item name="com.widget.flex.FlexboxLayout.AlignContent">
    <annotation name="android.support.annotation.IntDef">
      <val name="value" val="{com.widget.flex.FlexboxLayout.ALIGN_CONTENT_FLEX_START, com.widget.flex.FlexboxLayout.ALIGN_CONTENT_FLEX_END, com.widget.flex.FlexboxLayout.ALIGN_CONTENT_CENTER, com.widget.flex.FlexboxLayout.ALIGN_CONTENT_SPACE_BETWEEN, com.widget.flex.FlexboxLayout.ALIGN_CONTENT_SPACE_AROUND, com.widget.flex.FlexboxLayout.ALIGN_CONTENT_STRETCH}" />
    </annotation>
  </item>
  <item name="com.widget.flex.FlexboxLayout.AlignItems">
    <annotation name="android.support.annotation.IntDef">
      <val name="value" val="{com.widget.flex.FlexboxLayout.ALIGN_ITEMS_FLEX_START, com.widget.flex.FlexboxLayout.ALIGN_ITEMS_FLEX_END, com.widget.flex.FlexboxLayout.ALIGN_ITEMS_CENTER, com.widget.flex.FlexboxLayout.ALIGN_ITEMS_BASELINE, com.widget.flex.FlexboxLayout.ALIGN_ITEMS_STRETCH}" />
    </annotation>
  </item>
  <item name="com.widget.flex.FlexboxLayout.FlexDirection">
    <annotation name="android.support.annotation.IntDef">
      <val name="value" val="{com.widget.flex.FlexboxLayout.FLEX_DIRECTION_ROW, com.widget.flex.FlexboxLayout.FLEX_DIRECTION_ROW_REVERSE, com.widget.flex.FlexboxLayout.FLEX_DIRECTION_COLUMN, com.widget.flex.FlexboxLayout.FLEX_DIRECTION_COLUMN_REVERSE}" />
    </annotation>
  </item>
  <item name="com.widget.flex.FlexboxLayout.FlexWrap">
    <annotation name="android.support.annotation.IntDef">
      <val name="value" val="{com.widget.flex.FlexboxLayout.FLEX_WRAP_NOWRAP, com.widget.flex.FlexboxLayout.FLEX_WRAP_WRAP, com.widget.flex.FlexboxLayout.FLEX_WRAP_WRAP_REVERSE}" />
    </annotation>
  </item>
  <item name="com.widget.flex.FlexboxLayout.JustifyContent">
    <annotation name="android.support.annotation.IntDef">
      <val name="value" val="{com.widget.flex.FlexboxLayout.JUSTIFY_CONTENT_FLEX_START, com.widget.flex.FlexboxLayout.JUSTIFY_CONTENT_FLEX_END, com.widget.flex.FlexboxLayout.JUSTIFY_CONTENT_CENTER, com.widget.flex.FlexboxLayout.JUSTIFY_CONTENT_SPACE_BETWEEN, com.widget.flex.FlexboxLayout.JUSTIFY_CONTENT_SPACE_AROUND}" />
    </annotation>
  </item>
</root>

